{"cameraMode":{"drawMode":0,"name":"Shaded","section":"Shading Mode"},"sceneLighting":true,"audioPlay":false,"sceneViewState":{"showFog":true,"showMaterialUpdate":false,"showSkybox":true,"showFlares":true,"showImageEffects":true,"showParticleSystems":true},"in2DMode":false,"pivot":{"x":-1.9300754070281983,"y":-0.5308910608291626,"z":1.7031790018081666},"rotation":{"x":-0.2183399200439453,"y":0.4417268633842468,"z":-0.11176121234893799,"w":-0.8629691004753113},"size":6.120591640472412,"orthographic":false}